Rank,Player,Team,Sport,Compensation,Gender
1,Jackie Young,Las Vegas Aces,Basketball,"$252,450.00",Female
2,Jewell Loyd,Seattle Storm,Basketball,"$245,508.00",Female
3,Kahleah Copper,Phoenix Mercury,Basketball,"$245,059.00",Female
4,Arike Ogunbowale,Dallas Wings,Basketball,"$241,984.00",Female
5,Diana Taurasi,Phoenix Mercury,Basketball,"$234,936.00",Female
6,Natasha Howard,Dallas Wings,Basketball,"$224,675.00",Female
7,Erica Wheeler,Indiana Fever,Basketball,"$222,154.00",Female
8,Brionna Jones,Connecticut Sun,Basketball,"$212,000.00",Female
9,Skylar Diggins-Smith,Seattle Storm,Basketball,"$211,343.00",Female
10,Alyssa Thomas,Connecticut Sun,Basketball,"$209,000.00",Female
11,Marina Mabrey,Chicago Sky,Basketball,"$206,667.00",Female
12,Kayla McBride,Minnesota Lynx,Basketball,"$206,500.00",Female
13,Kelsey Mitchell,Indiana Fever,Basketball,"$206,000.00",Female
14,Sabrina Ionescu,New York Liberty,Basketball,"$205,030.00",Female
15,Breanna Stewart,New York Liberty,Basketball,"$205,000.00",Female
16,Nneka Ogwumike,Seattle Storm,Basketball,"$204,500.00",Female
17,A’ja Wilson,Las Vegas Aces,Basketball,"$200,000.00",Female
17,DeWanna Bonner,Connecticut Sun,Basketball,"$200,000.00",Female
17,Kelsey Plum,Las Vegas Aces,Basketball,"$200,000.00",Female
17,Natasha Cloud,Phoenix Mercury,Basketball,"$200,000.00",Female
17,Ariel Atkins,Washington Mystics,Basketball,"$200,000.00",Female
22,Chelsea Gray,Las Vegas Aces,Basketball,"$196,267.00",Female
23,Teaira McCowan,Dallas Wings,Basketball,"$195,700.00",Female
24,Satou Sabally,Dallas Wings,Basketball,"$195,000.00",Female
25,Azura Stevens,Los Angeles Sparks,Basketball,"$192,500.00",Female
25,Jonquel Jones,New York Liberty,Basketball,"$192,500.00",Female
25,Jonquel Jones,New York Liberty,Basketball,"$192,500.00",Female
1,Stephen Curry,GolDenver Nuggets State Warriors,Basketball,"$51,915,615.00",Male
2,Kevin Durant,Phoenix Sunsenix Suns,Basketball,"$47,649,433.00",Male
3,Nikola Jokić,Denver Nuggets,Basketball,"$47,607,350.00",Male
4,Joel Embiid,Philadelphia 76ers,Basketball,"$47,607,350.00",Male
5,LeBron James,Los Angeles Lakers,Basketball,"$47,607,350.00",Male
6,Bradley Beal,Phoenix Sunsenix Suns,Basketball,"$46,741,590.00",Male
7,Giannis Antetokounmpo,Milwaukee Bucks,Basketball,"$45,640,084.00",Male
8,Kawhi Leonard,Los Angeles Clippers,Basketball,"$45,640,084.00",Male
9,DaMiami Heatn Lillard,Milwaukee Bucks,Basketball,"$45,640,084.00",Male
10,Paul George,Los Angeles Clippers,Basketball,"$45,640,084.00",Male
11,Jimmy Butler,Miami Heat,Basketball,"$45,183,960.00",Male
12,Klay Thompson,Golden State Warriors,Basketball,"$43,219,440.00",Male
13,Rudy Gobert,Minnesota Timberwolves,Basketball,"$41,000,000.00",Male
14,Fred VanVleet,Houston Rockets,Basketball,"$40,806,300.00",Male
15,Anthony Davis,Los Angeles Lakers,Basketball,"$40,600,080.00",Male
16,Trae Young,Atlanta Hawks,Basketball,"$40,064,220.00",Male
17,Luka Dončić,Dallas Mavericks,Basketball,"$40,064,220.00",Male
18,Zach LaVine,Chicago Bulls,Basketball,"$40,064,220.00",Male
19,Tobias Harris,Philadelphia 76ers,Basketball,"$39,270,150.00",Male
20,Ben Simmons,Brooklyn Nets,Basketball,"$37,893,408.00",Male
21,Pascal Siakam,Indiana Pacers,Basketball,"$37,893,408.00",Male
22,Kyrie Irving,Dallas Mavericks,Basketball,"$37,037,037.00",Male
23,Jrue Holiday,Boston Celtics,Basketball,"$36,861,707.00",Male
24,Devin Booker,Phoenix Suns,Basketball,"$36,016,200.00",Male
25,Karl-Anthony Towns,Minnesota Timberwolves,Basketball,"$36,016,200.00",Male
26,Kristaps Portland Trail Blazersziņģis,Boston Celtics,Basketball,"$36,016,200.00",Male
27,CJ McCollum,New Orlando Magicando Magiceans Pelicans,Basketball,"$35,802,469.00",Male
28,James HarDenver Nuggets,Los Angeles Clippers,Basketball,"$35,680,595.00",Male
29,Zion Williamson,New Orlando Magicando Magiceans Pelicans,Basketball,"$34,005,250.00",Male
30,Ja Morant,Memphis Grizzlies,Basketball,"$34,005,250.00",Male
31,Darius Garland,Cleveland Cavaliers,Basketball,"$34,005,250.00",Male
32,Brandon Ingram,New Orlando Magicando Magiceans Pelicans,Basketball,"$33,833,400.00",Male
33,Jamal Murray,Denver Nuggets,Basketball,"$33,833,400.00",Male
34,Shai Gilgeous-Alexander,Oklahoma City Thunder,Basketball,"$33,386,850.00",Male
35,Michael Portland Trail Blazerster Jr.,Denver Nuggets,Basketball,"$33,386,850.00",Male
36,Gordon Hayward,Oklahoma City Thunder,Basketball,"$33,319,397.00",Male
37,Donovan Mitchell,Cleveland Cavaliers,Basketball,"$33,162,030.00",Male
38,De'Aaron Fox,Sacramento Kings,Basketball,"$32,600,060.00",Male
39,Bam Adebayo,Miami Heat,Basketball,"$32,600,060.00",Male
40,Jayson Tatum,Boston Celtics,Basketball,"$32,600,060.00",Male
41,Deandre Ayton,Portland Trail Blazers,Basketball,"$32,459,438.00",Male
42,Jaylen Brown,Boston Celtics,Basketball,"$31,830,357.00",Male
43,Chris Paul,Golden State Warriors,Basketball,"$30,800,000.00",Male
44,Domantas Sabonis,Sacramento Kings,Basketball,"$30,600,000.00",Male
45,Kyle Lowry,Charlotte Hornets,Basketball,"$32,478,379.00",Male
46,Khris Middleton,Milwaukee Bucks,Basketball,"$29,320,988.00",Male
47,DeMar DeRozan,Chicago Bulls,Basketball,"$28,600,000.00",Male
48,Julius Randle,New York Knicks,Basketball,"$28,226,880.00",Male
49,Jerami Grant,Portland Trail Blazers,Basketball,"$27,586,207.00",Male
50,Jordan Poole,Washington Wizardshington Wizards,Basketball,"$27,455,357.00",Male
51,Jaren Jackson Jr.,Memphis Grizzlies,Basketball,"$27,102,202.00",Male
52,Tyler Herro,Miami Heat,Basketball,"$27,000,000.00",Male
53,Jalen Brunson,New York Knicks,Basketball,"$26,346,666.00",Male
54,Cameron Johnson,Brooklyn Nets,Basketball,"$25,679,348.00",Male
55,Kyle Kuzma,Washington Wizardshington Wizards,Basketball,"$25,568,182.00",Male
56,John Collins,Utah Jazz,Basketball,"$25,340,000.00",Male
57,Brook Lopez,Milwaukee Bucks,Basketball,"$25,000,000.00",Male
58,Mike Conley,Minnesota Timberwolves,Basketball,"$24,360,000.00",Male
59,Andrew Wiggins,Golden State Warriors,Basketball,"$24,330,357.00",Male
60,Anfernee Simons,Portland Trail Blazers,Basketball,"$24,107,143.00",Male
61,RJ Barrett,Toronto Raptors,Basketball,"$23,883,929.00",Male
62,Jordan Clarkson,Utah Jazz,Basketball,"$23,487,629.00",Male
63,Terry Rozier,Miami Heat,Basketball,"$23,205,221.00",Male
64,Dillon Brooks,Houston Rockets,Basketball,"$22,627,671.00",Male
65,Malcolm Brogdon,Portland Trail Blazers,Basketball,"$22,500,000.00",Male
66,Draymond Green,Golden State Warriors,Basketball,"$22,321,429.00",Male
67,Aaron Gordon,Denver Nuggets,Basketball,"$22,266,182.00",Male
68,Bruce Brown,Toronto Raptors,Basketball,"$22,000,000.00",Male
69,Mikal Bridges,Brooklyn Nets,Basketball,"$21,700,000.00",Male
70,Myles Turner,Indiana Pacers,Basketball,"$20,975,000.00",Male
71,Clint Capela,Atlanta Hawks,Basketball,"$20,616,000.00",Male
72,Lonzo Ball,Chicago Bulls,Basketball,"$20,465,117.00",Male
73,Spencer Dinwiddie,Toronto Raptors,Basketball,"$21,911,797.00",Male
74,De'Andre Hunter,Atlanta Hawks,Basketball,"$20,089,286.00",Male
75,Keldon Johnson,San Antonio Spurs,Basketball,"$20,000,000.00",Male
76,Jarrett Allen,Cleveland Cavaliers,Basketball,"$20,000,000.00",Male
77,Bojan Bogdanović,New York Knicks,Basketball,"$20,000,000.00",Male
78,Joe Harris,Detroit Pistons,Basketball,"$19,928,571.00",Male
79,Buddy Hield,Philadelphia 76ers,Basketball,"$19,845,098.00",Male
80,Jakob Poeltl,Toronto Raptors,Basketball,"$19,500,000.00",Male
81,Evan Fournier,Detroit Pistons,Basketball,"$18,857,143.00",Male
82,Marcus Smart,Memphis Grizzlies,Basketball,"$18,833,713.00",Male
83,Bogdan Bogdanović,Atlanta Hawks,Basketball,"$18,700,000.00",Male
84,OG Anunoby,New York Knicks,Basketball,"$18,642,857.00",Male
85,Gary Trent Jr.,Toronto Raptors,Basketball,"$18,560,000.00",Male
86,Nikola Vučević,Chicago Bulls,Basketball,"$18,518,519.00",Male
87,Derrick White,Boston Celtics,Basketball,"$18,357,143.00",Male
88,Dejounte Murray,Atlanta Hawks,Basketball,"$18,214,000.00",Male
89,Duncan Robinson,Miami Heat,Basketball,"$18,154,000.00",Male
90,Norman Powell,Los Angeles Clippers,Basketball,"$18,000,000.00",Male
91,Tim Hardaway Jr.,Dallas Mavericks,Basketball,"$17,897,728.00",Male
92,Jonathan Isaac,Orlando Magicando Magic,Basketball,"$17,400,000.00",Male
93,Collin Sexton,Utah Jazz,Basketball,"$17,325,000.00",Male
94,D'Angelo Russell,Los Angeles Lakers,Basketball,"$17,307,693.00",Male
95,Lauri Markkanen,Utah Jazz,Basketball,"$17,259,999.00",Male
96,Marcus Morris,San Antonio Spurs,Basketball,"$17,429,682.00",Male
97,Harrison Barnes,Sacramento Kings,Basketball,"$17,000,000.00",Male
98,Dāvis Bertāns,Charlotte Hornets,Basketball,"$17,000,000.00",Male
99,Markelle Fultz,Orlando Magicando Magic,Basketball,"$17,000,000.00",Male
100,Jusuf Nurkić,Phoenix Suns,Basketball,"$16,875,000.00",Male
101,P.J. Washington Wizardshington Wizardshington,Dallas Mavericks,Basketball,"$16,847,826.00",Male
102,Kevin Portland Trail Blazerster Jr.,Oklahoma City Thunder,Basketball,"$15,860,000.00",Male
103,Rui HaChicago Bullsmura,Los Angeles Lakers,Basketball,"$15,740,741.00",Male
104,Mitchell Robinson,New York Knicks,Basketball,"$15,681,818.00",Male
105,Kevin Huerter,Sacramento Kings,Basketball,"$15,669,643.00",Male
106,Jonas Valančiūnas,New Orlando Magicando Magiceans Pelicans,Basketball,"$15,435,000.00",Male
107,Caris LeVert,Cleveland Cavaliers,Basketball,"$15,384,616.00",Male
108,Luguentz Dort,Oklahoma City Thunder,Basketball,"$15,277,778.00",Male
109,Luke Kennard,Memphis Grizzlies,Basketball,"$14,763,636.00",Male
110,Kentavious Caldwell-Pope,Denver Nuggets,Basketball,"$14,704,938.00",Male
111,Max Strus,Cleveland Cavaliers,Basketball,"$14,487,684.00",Male
112,Tyus Jones,Washington Wizardshington Wizards,Basketball,"$14,000,000.00",Male
113,Dorian Finney-Smith,Brooklyn Nets,Basketball,"$13,932,008.00",Male
114,Doug McDermott,Indiana Pacers,Basketball,"$13,750,000.00",Male
115,Anthony Edwards,Minnesota Timberwolves,Basketball,"$13,534,817.00",Male
116,Wendell Carter Jr.,Orlando Magicando Magic,Basketball,"$13,050,000.00",Male
117,Gary Harris,Orlando Magicando Magic,Basketball,"$13,000,000.00",Male
118,Josh Hart,New York Knicks,Basketball,"$12,960,000.00",Male
119,Naz Reid,Minnesota Timberwolves,Basketball,"$12,950,400.00",Male
120,Steven Adams,Houston Rockets,Basketball,"$12,600,000.00",Male
121,Brandon Clarke,Memphis Grizzlies,Basketball,"$12,500,000.00",Male
122,Marvin Bagley III,Washington Wizardshington Wizards,Basketball,"$12,500,000.00",Male
123,Grant Williams,Charlotte Hornets,Basketball,"$12,405,000.00",Male
124,Denver Nuggetsnis Schröder,Brooklyn Nets,Basketball,"$12,405,000.00",Male
125,Daniel Gafford,Dallas Mavericks,Basketball,"$12,402,000.00",Male
126,Kelly OlyNew York Knicks,Toronto Raptors,Basketball,"$12,195,122.00",Male
127,VicToronto Raptors Wembanyama,San Antonio Spurs,Basketball,"$12,160,680.00",Male
128,James Wiseman,Detroit Pistons,Basketball,"$12,119,440.00",Male
129,Devonte' Graham,San Antonio Spurs,Basketball,"$12,100,000.00",Male
130,Richaun Holmes,Washington Wizardshington Wizards,Basketball,"$12,046,020.00",Male
131,Herbert Jones,New Orlando Magicando Magiceans Pelicans,Basketball,"$12,015,150.00",Male
132,Austin Reaves,Los Angeles Lakers,Basketball,"$12,015,150.00",Male
133,Chris Boucher,Toronto Raptors,Basketball,"$11,750,000.00",Male
134,Bobby Portland Trail Blazerstis,Milwaukee Bucks,Basketball,"$11,710,818.00",Male
135,Nicolas Batum,Philadelphia 76ers,Basketball,"$11,710,818.00",Male
136,Robert Covington,Philadelphia 76ers,Basketball,"$11,692,308.00",Male
137,Paolo Banchero,Orlando Magicando Magic,Basketball,"$11,608,080.00",Male
138,Robert Williams,Portland Trail Blazers,Basketball,"$11,571,429.00",Male
139,Coby White,Chicago Bulls,Basketball,"$11,111,111.00",Male
140,Cade Cunningham,Detroit Pistons,Basketball,"$11,055,360.00",Male
141,Talen Horton-Tucker,Utah Jazz,Basketball,"$11,020,000.00",Male
142,P.J. Tucker,Los Angeles Clippers,Basketball,"$11,014,500.00",Male
143,Reggie Bullock,San Antonio Spurs,Basketball,"$13,033,786.00",Male
144,Maxi Kleber,Dallas Mavericks,Basketball,"$11,000,000.00",Male
145,Joe Ingles,Orlando Magicando Magic,Basketball,"$11,000,000.00",Male
146,Ivica Zubac,Los Angeles Clippers,Basketball,"$10,933,333.00",Male
147,LaMelo Ball,Charlotte Hornets,Basketball,"$10,900,635.00",Male
148,Donte DiVincenzo,New York Knicks,Basketball,"$10,900,000.00",Male
149,Brandon Milwaukee Bucksler,Charlotte Hornets,Basketball,"$10,880,400.00",Male
150,Terance Mann,Los Angeles Clippers,Basketball,"$10,576,923.00",Male
151,Gabe Vincent,Los Angeles Lakers,Basketball,"$10,500,000.00",Male
152,Matisse Thybulle,Portland Trail Blazers,Basketball,"$10,500,000.00",Male
153,Alec Burks,New York Knicks,Basketball,"$10,489,600.00",Male
154,Chet Holmgren,Oklahoma City Thunder,Basketball,"$10,386,000.00",Male
155,Larry Nance Jr.,New Orlando Magicando Magiceans Pelicans,Basketball,"$10,375,000.00",Male
156,Landry Shamet,Washington Wizardshington Wizards,Basketball,"$10,250,000.00",Male
157,Al Horford,Boston Celtics,Basketball,"$10,000,000.00",Male
158,Malik Monk,Sacramento Kings,Basketball,"$9,945,830.00",Male
159,Tre Jones,San Antonio Spurs,Basketball,"$9,895,833.00",Male
160,Jalen Green,Houston Rockets,Basketball,"$9,891,480.00",Male
161,Patrick Williams,Chicago Bulls,Basketball,"$9,835,881.00",Male
162,Monte Morris,Minnesota Timberwolves,Basketball,"$9,800,926.00",Male
163,Scoot Henderson,Portland Trail Blazers,Basketball,"$9,770,880.00",Male
164,Nic Claxton,Brooklyn Nets,Basketball,"$9,625,000.00",Male
165,Jeff Green,Houston Rockets,Basketball,"$9,600,000.00",Male
166,Royce O'Neale,Phoenix Suns,Basketball,"$9,500,000.00",Male
167,Alex Caruso,Chicago Bulls,Basketball,"$9,460,000.00",Male
168,VicToronto Raptors Oladipo,Memphis Grizzlies,Basketball,"$9,450,000.00",Male
169,Pat Connaughton,Milwaukee Bucks,Basketball,"$9,423,869.00",Male
170,Jabari Smith Jr.,Houston Rockets,Basketball,"$9,326,520.00",Male
171,Isaiah Hartenstein,New York Knicks,Basketball,"$9,245,121.00",Male
172,Kyle Anderson,Minnesota Timberwolves,Basketball,"$9,219,512.00",Male
173,Grayson Allen,Phoenix Suns,Basketball,"$8,925,000.00",Male
174,Isaac Okoro,Cleveland Cavaliers,Basketball,"$8,920,795.00",Male
175,Evan Mobley,Cleveland Cavaliers,Basketball,"$8,882,640.00",Male
176,Amen Thompson,Houston Rockets,Basketball,"$8,809,320.00",Male
177,Georges Niang,Cleveland Cavaliers,Basketball,"$8,800,000.00",Male
178,Gary Payton II,Golden State Warriors,Basketball,"$8,715,000.00",Male
179,T.J. McConnell,Indiana Pacers,Basketball,"$8,700,000.00",Male
180,Keegan Murray,Sacramento Kings,Basketball,"$8,409,000.00",Male
181,Delon Wright,Washington Wizardshington Wizards,Basketball,"$8,856,750.00",Male
182,Onyeka Okongwu,Atlanta Hawks,Basketball,"$8,109,063.00",Male
183,Scottie Barnes,Toronto Raptors,Basketball,"$8,008,680.00",Male
184,Jock LanDallas Maverickse,Houston Rockets,Basketball,"$8,000,000.00",Male
185,Trey Lyles,Sacramento Kings,Basketball,"$8,000,000.00",Male
186,De'Anthony Melton,Philadelphia 76ers,Basketball,"$8,000,000.00",Male
187,Moritz Wagner,Orlando Magicando Magic,Basketball,"$8,000,000.00",Male
188,Thaddeus Young,Brooklyn Nets,Basketball,"$8,638,413.00",Male
189,Ausar Thompson,Detroit Pistons,Basketball,"$7,977,480.00",Male
190,Milwaukee Buckses Bridges,Charlotte Hornets,Basketball,"$7,921,300.00",Male
191,Vasilije Micić,Charlotte Hornets,Basketball,"$7,723,000.00",Male
192,Paul Reed,Philadelphia 76ers,Basketball,"$7,723,000.00",Male
193,Zach Collins,San Antonio Spurs,Basketball,"$7,700,000.00",Male
194,JaDenver Nuggets Ivey,Detroit Pistons,Basketball,"$7,614,480.00",Male
195,Cody Martin,Charlotte Hornets,Basketball,"$7,560,000.00",Male
196,Kevon Looney,Golden State Warriors,Basketball,"$7,500,000.00",Male
197,Killian Hayes,Detroit Pistons,Basketball,"$7,413,955.00",Male
198,Jalen Suggs,Orlando Magicando Magic,Basketball,"$7,252,080.00",Male
199,Anthony BLos Angeles Clippersk,Orlando Magicando Magic,Basketball,"$7,245,480.00",Male
200,Khem Birch,San Antonio Spurs,Basketball,"$6,985,000.00",Male
201,Daniel Theis,Indiana Pacers,Basketball,"$8,670,002.00",Male
202,Bennedict Mathurin,Indiana Pacers,Basketball,"$6,916,080.00",Male
203,Obi Toppin,Indiana Pacers,Basketball,"$6,803,012.00",Male
204,Caleb Martin,Miami Heat,Basketball,"$6,802,950.00",Male
205,John Wall,Houston Rockets,Basketball,"$6,802,950.00",Male
206,Danilo Gallinari,Detroit Pistons,Basketball,"$7,464,578.00",Male
207,Patty Milwaukee Bucksls,Atlanta Hawks,Basketball,"$7,267,250.00",Male
208,Cedi Osman,San Antonio Spurs,Basketball,"$6,718,842.00",Male
209,BiLos Angeles Lakers Coulibaly,Washington Wizardshington Wizards,Basketball,"$6,614,280.00",Male
210,Josh Giddey,Oklahoma City Thunder,Basketball,"$6,587,040.00",Male
211,Cameron Payne,San Antonio Spurs,Basketball,"$8,519,706.00",Male
212,Jae'Sean Tate,Houston Rockets,Basketball,"$6,500,000.00",Male
213,Ayo Dosunmu,Chicago Bulls,Basketball,"$6,481,482.00",Male
214,Rudy Gay,Oklahoma City Thunder,Basketball,,Male
215,San Antonio Spursha Vezenkov,Sacramento Kings,Basketball,"$6,341,464.00",Male
216,Shaedon Sharpe,Portland Trail Blazers,Basketball,"$6,313,800.00",Male
217,Otto Portland Trail Blazerster Jr.,Utah Jazz,Basketball,"$6,300,000.00",Male
218,Denver Nuggetsi Avdija,Washington Wizardshington Wizards,Basketball,"$6,263,188.00",Male
219,Nassir Little,Phoenix Suns,Basketball,"$6,250,000.00",Male
220,Jevon Carter,Chicago Bulls,Basketball,"$6,190,476.00",Male
221,Kenrich Williams,Oklahoma City Thunder,Basketball,"$6,175,000.00",Male
222,Jarace Walker,Indiana Pacers,Basketball,"$6,059,520.00",Male
223,Jonathan KuMinnesota Timberwolvesga,Golden State Warriors,Basketball,"$6,012,840.00",Male
224,Devin Vassell,San Antonio Spurs,Basketball,"$5,887,899.00",Male
225,Tyrese Haliburton,Indiana Pacers,Basketball,"$5,808,435.00",Male
226,Dyson Daniels,New Orlando Magicando Magiceans Pelicans,Basketball,"$5,784,120.00",Male
227,Kira Lewis Jr.,Utah Jazz,Basketball,"$5,722,116.00",Male
228,Dean Wade,Cleveland Cavaliers,Basketball,"$5,709,877.00",Male
229,Aaron Nesmith,Indiana Pacers,Basketball,"$5,634,257.00",Male
230,Taylor Hendricks,Utah Jazz,Basketball,"$5,569,920.00",Male
231,Cole Anthony,Orlando Magicando Magic,Basketball,"$5,539,771.00",Male
232,Franz Wagner,Orlando Magicando Magic,Basketball,"$5,508,720.00",Male
233,Furkan Korkmaz,Indiana Pacers,Basketball,"$5,370,370.00",Male
234,Jeremy Sochan,San Antonio Spurs,Basketball,"$5,316,960.00",Male
235,Cason WalLos Angeles Clipperse,Oklahoma City Thunder,Basketball,"$5,291,400.00",Male
236,Isaiah Stewart,Detroit Pistons,Basketball,"$5,266,713.00",Male
237,Chuma Okeke,Orlando Magicando Magic,Basketball,"$5,266,713.00",Male
238,Davion Mitchell,Sacramento Kings,Basketball,"$5,063,640.00",Male
239,Johnny Davis,Washington Wizardshington Wizards,Basketball,"$5,050,800.00",Male
240,Jalen Smith,Indiana Pacers,Basketball,"$5,043,773.00",Male
241,Jett Howard,Orlando Magicando Magic,Basketball,"$5,026,800.00",Male
242,Aleksej Pokusevski,Oklahoma City Thunder,Basketball,"$5,574,809.00",Male
243,Nick Richards,Charlotte Hornets,Basketball,"$5,000,000.00",Male
244,Bismack Biyombo,Memphis Grizzlies,Basketball,"$5,754,488.00",Male
245,Mason Plumlee,Los Angeles Clippers,Basketball,"$5,000,000.00",Male
246,Shake Milwaukee Buckston,Detroit Pistons,Basketball,"$5,475,908.00",Male
247,Reggie Jackson,Denver Nuggets,Basketball,"$5,000,000.00",Male
248,Ziaire Williams,Memphis Grizzlies,Basketball,"$4,810,200.00",Male
249,Ousmane Dieng,Oklahoma City Thunder,Basketball,"$4,798,440.00",Male
250,Dereck Lively II,Dallas Mavericks,Basketball,"$4,775,640.00",Male
251,Josh Green,Dallas Mavericks,Basketball,"$4,765,339.00",Male
252,Jarred Vanderbilt,Los Angeles Lakers,Basketball,"$4,698,000.00",Male
253,Nickeil Alexander-Walker,Minnesota Timberwolves,Basketball,"$4,687,500.00",Male
254,James Bouknight,Charlotte Hornets,Basketball,"$4,570,080.00",Male
255,Jalen Williams,Oklahoma City Thunder,Basketball,"$4,558,680.00",Male
256,Saddiq Bey,Atlanta Hawks,Basketball,"$4,556,983.00",Male
257,Gradey Dick,Toronto Raptors,Basketball,"$4,536,720.00",Male
258,Jalen McDaniels,Toronto Raptors,Basketball,"$4,516,000.00",Male
259,Taurean Prince,Los Angeles Lakers,Basketball,"$4,516,000.00",Male
260,Precious AChicago Bullsuwa,New York Knicks,Basketball,"$4,379,527.00",Male
261,Tyrese Maxey,Philadelphia 76ers,Basketball,"$4,343,920.00",Male
262,Joshua Primo,San Antonio Spurs,Basketball,"$6,105,941.00",Male
263,Jalen Duren,Detroit Pistons,Basketball,"$4,330,680.00",Male
264,Danuel Houston Rocketsse Jr.,Detroit Pistons,Basketball,"$4,310,250.00",Male
265,Jordan Hawkins,New Orlando Magicando Magiceans Pelicans,Basketball,"$4,310,160.00",Male
266,Zeke Nnaji,Denver Nuggets,Basketball,"$4,306,281.00",Male
267,Immanuel Quickley,Toronto Raptors,Basketball,"$4,171,548.00",Male
268,Chris Duarte,Sacramento Kings,Basketball,"$4,124,400.00",Male
269,Ochai Agbaji,Toronto Raptors,Basketball,"$4,114,200.00",Male
270,Kobe Bufkin,Atlanta Hawks,Basketball,"$4,094,280.00",Male
271,Payton Pritchard,Boston Celtics,Basketball,"$4,037,277.00",Male
272,Dwight Powell,Dallas Mavericks,Basketball,"$4,000,000.00",Male
273,Seth Curry,Charlotte Hornets,Basketball,"$4,000,000.00",Male
274,Troy Brown Jr.,Detroit Pistons,Basketball,"$4,000,000.00",Male
275,Moses Moody,Golden State Warriors,Basketball,"$3,918,480.00",Male
276,Mark Williams,Charlotte Hornets,Basketball,"$3,908,160.00",Male
277,JaDenver Nuggets McDaniels,Minnesota Timberwolves,Basketball,"$3,901,399.00",Male
278,Keyonte George,Utah Jazz,Basketball,"$3,889,800.00",Male
279,MaLos Angeles Clippershi Flynn,Detroit Pistons,Basketball,"$3,873,025.00",Male
280,Desmond Bane,Memphis Grizzlies,Basketball,"$3,845,083.00",Male
281,Kevin Love,Miami Heat,Basketball,"$3,835,738.00",Male
282,Russell Westbrook,Los Angeles Clippers,Basketball,"$3,835,738.00",Male
283,Corey Kispert,Washington Wizardshington Wizards,Basketball,"$3,722,040.00",Male
284,AJ Griffin,Atlanta Hawks,Basketball,"$3,712,920.00",Male
285,Ricky Rubio,Cleveland Cavaliers,Basketball,"$3,695,311.00",Male
286,Jalen Hood-SChicago Bullsfino,Los Angeles Lakers,Basketball,"$3,695,040.00",Male
287,Amir Coffey,Los Angeles Clippers,Basketball,"$3,666,667.00",Male
288,Alperen Sengun,Houston Rockets,Basketball,"$3,536,280.00",Male
289,Tari Eason,Houston Rockets,Basketball,"$3,527,160.00",Male
290,Jaime Jaquez Jr.,Miami Heat,Basketball,"$3,510,600.00",Male
291,Mike Muscala,Detroit Pistons,Basketball,"$4,010,730.00",Male
292,Andre Drummond,Chicago Bulls,Basketball,"$3,360,000.00",Male
293,Derrick Jones Jr.,Chicago Bulls,Basketball,"$5,379,706.00",Male
294,Trey Murphy III,New Orlando Magicando Magiceans Pelicans,Basketball,"$3,359,280.00",Male
295,Brandin Podziemski,Golden State Warriors,Basketball,"$3,352,440.00",Male
296,Dallas Mavericksen Terry,Chicago Bulls,Basketball,"$3,350,760.00",Male
297,Cam Whitmore,Houston Rockets,Basketball,"$3,218,160.00",Male
298,Jake LaRavia,Memphis Grizzlies,Basketball,"$3,199,920.00",Male
299,Derrick Rose,Memphis Grizzlies,Basketball,"$3,196,448.00",Male
300,Eric Gordon,Phoenix Suns,Basketball,"$3,196,448.00",Male
301,Tre Mann,Charlotte Hornets,Basketball,"$3,191,400.00",Male
302,Noah Clowney,Brooklyn Nets,Basketball,"$3,089,520.00",Male
303,Malaki Branham,San Antonio Spurs,Basketball,"$3,071,880.00",Male
304,Kai Jones,Charlotte Hornets,Basketball,"$3,175,563.00",Male
305,Simone FontecChicago Bullso,Detroit Pistons,Basketball,"$3,044,872.00",Male
306,Jordan Nwora,Toronto Raptors,Basketball,"$3,000,000.00",Male
307,Julian Champagnie,San Antonio Spurs,Basketball,"$3,000,000.00",Male
308,Dante Exum,Dallas Mavericks,Basketball,"$3,000,000.00",Male
309,Dariq Whitehead,Brooklyn Nets,Basketball,"$2,966,040.00",Male
310,Christian Braun,Denver Nuggets,Basketball,"$2,949,120.00",Male
311,Jalen Johnson,Atlanta Hawks,Basketball,"$2,925,360.00",Male
312,Josh Richardson,Miami Heat,Basketball,"$2,891,467.00",Male
313,Kris Murray,Portland Trail Blazers,Basketball,"$2,847,480.00",Male
314,Andrew NiCharlotte Hornetslson,Portland Trail Blazers,Basketball,"$2,844,430.00",Male
315,Walker Kessler,Utah Jazz,Basketball,"$2,831,160.00",Male
316,Josh Okogie,Phoenix Suns,Basketball,"$2,815,937.00",Male
317,Keon Johnson,Phoenix Suns,Basketball,"$2,808,720.00",Male
318,Omer Yurtseven,Utah Jazz,Basketball,"$2,800,000.00",Male
319,Kyle Lowry,Philadelphia 76ers,Basketball,"$32,478,379.00",Male
320,Dewayne Dedmon,Detroit Pistons,Basketball,"$2,748,674.00",Male
321,Olivier-Maxence Prosper,Dallas Mavericks,Basketball,"$2,733,720.00",Male
322,David Roddy,Phoenix Suns,Basketball,"$2,718,240.00",Male
323,Christian Wood,Los Angeles Lakers,Basketball,"$2,709,849.00",Male
324,Isaiah Jackson,Indiana Pacers,Basketball,"$2,696,280.00",Male
325,Marcus San Antonio Spursser,Detroit Pistons,Basketball,"$2,624,040.00",Male
326,MarJon Beauchamp,Milwaukee Bucks,Basketball,"$2,609,400.00",Male
327,Charles Bassey,San Antonio Spurs,Basketball,"$2,600,000.00",Male
328,Usman Garuba,Oklahoma City Thunder,Basketball,"$2,600,008.00",Male
329,Kris Dunn,Utah Jazz,Basketball,"$2,586,665.00",Male
330,DaMiami Heatn Jones,Cleveland Cavaliers,Basketball,"$2,586,665.00",Male
331,Bruno Fernando,Atlanta Hawks,Basketball,"$2,581,522.00",Male
332,Ben Sheppard,Indiana Pacers,Basketball,"$2,537,160.00",Male
333,Damion Lee,Phoenix Suns,Basketball,"$2,528,233.00",Male
334,Thomas Bryant,Miami Heat,Basketball,"$2,528,233.00",Male
335,Toronto Raptorsrey Craig,Chicago Bulls,Basketball,"$2,528,233.00",Male
336,Blake Wesley,San Antonio Spurs,Basketball,"$2,504,640.00",Male
337,Josh Christopher,Memphis Grizzlies,Basketball,"$2,485,200.00",Male
338,Nick Smith Jr.,Charlotte Hornets,Basketball,"$2,463,960.00",Male
339,Brice Sensabaugh,Utah Jazz,Basketball,"$2,448,600.00",Male
340,Ty Jerome,Cleveland Cavaliers,Basketball,"$2,439,025.00",Male
341,Julian Strawther,Denver Nuggets,Basketball,"$2,431,080.00",Male
342,Tristan Vukcevic,Washington Wizardshington Wizards,Basketball,"$2,424,892.00",Male
343,Wendell Moore Jr.,Minnesota Timberwolves,Basketball,"$2,421,720.00",Male
344,Kobe Brown,Los Angeles Clippers,Basketball,"$2,413,320.00",Male
345,Luke Kornet,Boston Celtics,Basketball,"$2,413,304.00",Male
346,John Konchar,Memphis Grizzlies,Basketball,"$2,400,000.00",Male
347,Quentin Grimes,Detroit Pistons,Basketball,"$2,385,720.00",Male
348,Nikola Jović,Miami Heat,Basketball,"$2,352,000.00",Male
349,JaVale McGee,Dallas Mavericks,Basketball,"$4,368,030.00",Male
350,Drew Eubanks,Phoenix Suns,Basketball,"$2,346,614.00",Male
351,Keita Bates-Diop,Brooklyn Nets,Basketball,"$2,346,614.00",Male
352,YUtah Jazz Watanabe,Memphis Grizzlies,Basketball,"$2,346,614.00",Male
353,Patrick Baldwin Jr.,Washington Wizardshington Wizards,Basketball,"$2,337,720.00",Male
354,TyTy Washington Wizardshington Wizardshington Jr.,Oklahoma City Thunder,Basketball,"$2,320,440.00",Male
355,Jordan McLaughlin,Minnesota Timberwolves,Basketball,"$2,320,000.00",Male
356,Bones Hyland,Los Angeles Clippers,Basketball,"$2,306,400.00",Male
357,Peyton Watson,Denver Nuggets,Basketball,"$2,303,520.00",Male
358,James Johnson,Indiana Pacers,Basketball,"$777,703.00",Male
359,Cam Thomas,Brooklyn Nets,Basketball,"$2,240,160.00",Male
360,Vlatko Čančar,Denver Nuggets,Basketball,"$2,234,359.00",Male
361,Vince Williams Jr.,Memphis Grizzlies,Basketball,"$2,232,308.00",Male
362,JaDenver Nuggets Springer,Boston Celtics,Basketball,"$2,226,240.00",Male
363,Day'Ron Sharpe,Brooklyn Nets,Basketball,"$2,210,040.00",Male
364,Jeff Dowtin,Philadelphia 76ers,Basketball,"$2,196,970.00",Male
365,Santi Aldama,Memphis Grizzlies,Basketball,"$2,194,200.00",Male
366,Jaxson Hayes,Los Angeles Lakers,Basketball,"$2,165,000.00",Male
367,Cam Reddish,Los Angeles Lakers,Basketball,"$2,165,000.00",Male
368,Oshae Brissett,Boston Celtics,Basketball,"$2,165,000.00",Male
369,Andrew Nembhard,Indiana Pacers,Basketball,"$2,131,905.00",Male
370,Luka Šamanić,Utah Jazz,Basketball,"$2,066,585.00",Male
371,Goga Bitadze,Orlando Magicando Magic,Basketball,"$2,066,585.00",Male
372,Colby Jones,Sacramento Kings,Basketball,"$2,019,706.00",Male
373,Taj Gibson,Washington Wizardshington Wizards,Basketball,"$2,961,636.00",Male
374,Garrett Temple,Toronto Raptors,Basketball,"$2,019,706.00",Male
375,Sandro Mamukelashvili,San Antonio Spurs,Basketball,"$2,019,706.00",Male
376,Robin Lopez,Sacramento Kings,Basketball,"$2,019,706.00",Male
377,JaVale McGee,Sacramento Kings,Basketball,"$4,368,030.00",Male
378,Alex Len,Sacramento Kings,Basketball,"$2,019,706.00",Male
379,Dallas Mavericksano Banton,Portland Trail Blazers,Basketball,"$2,019,706.00",Male
380,Bol Bol,Phoenix Suns,Basketball,"$2,019,706.00",Male
381,Montrezl Harrell,Philadelphia 76ers,Basketball,"$2,019,706.00",Male
382,Cameron Payne,Philadelphia 76ers,Basketball,"$8,519,706.00",Male
383,Kelly Oubre Jr.,Philadelphia 76ers,Basketball,"$2,019,706.00",Male
384,Mo Bamba,Philadelphia 76ers,Basketball,"$2,019,706.00",Male
385,Dylan WIndiana Pacersler,New York Knicks,Basketball,"$2,019,706.00",Male
386,Cody Zeller,New Orlando Magicando Magiceans Pelicans,Basketball,"$2,019,706.00",Male
387,Thanasis Antetokounmpo,Milwaukee Bucks,Basketball,"$2,019,706.00",Male
388,Patrick Beverley,Milwaukee Bucks,Basketball,"$2,019,706.00",Male
389,Jae Crowder,Milwaukee Bucks,Basketball,"$2,019,706.00",Male
390,Malik Beasley,Milwaukee Bucks,Basketball,"$2,019,706.00",Male
391,Chicago Bullsmezie Metu,Memphis Grizzlies,Basketball,"$2,351,562.00",Male
392,Lamar Stevens,Memphis Grizzlies,Basketball,"$2,419,706.00",Male
393,Cory Joseph,Indiana Pacers,Basketball,"$2,019,706.00",Male
394,Reggie Bullock,Houston Rockets,Basketball,"$13,033,786.00",Male
395,Dario Šarić,Golden State Warriors,Basketball,"$2,019,706.00",Male
396,Ryan Arcidiacono,Detroit Pistons,Basketball,"$2,019,706.00",Male
397,DeAndre Jordan,Denver Nuggets,Basketball,"$2,019,706.00",Male
398,Justin Holiday,Denver Nuggets,Basketball,"$2,019,706.00",Male
399,Markieff Morris,Dallas Mavericks,Basketball,"$2,019,706.00",Male
400,Derrick Jones Jr.,Dallas Mavericks,Basketball,"$5,379,706.00",Male
401,Ish Smith,Charlotte Hornets,Basketball,"$2,019,706.00",Male
402,Frank Ntilikina,Charlotte Hornets,Basketball,"$2,019,706.00",Male
403,Terry Taylor,Chicago Bulls,Basketball,"$2,019,706.00",Male
404,Harry Giles,Brooklyn Nets,Basketball,"$2,019,706.00",Male
405,Lonnie Walker IV,Brooklyn Nets,Basketball,"$2,019,706.00",Male
406,Denver Nuggetsnis Smith Jr.,Brooklyn Nets,Basketball,"$2,019,706.00",Male
407,Svi Mykhailiuk,Boston Celtics,Basketball,"$2,019,706.00",Male
408,Wesley Matthews,Atlanta Hawks,Basketball,"$2,019,706.00",Male
409,Moses Brown,Portland Trail Blazers,Basketball,"$2,019,706.00",Male
410,Boban Marjanović,Houston Rockets,Basketball,"$2,019,706.00",Male
411,Aaron Holiday,Houston Rockets,Basketball,"$2,019,706.00",Male
412,Tristan Thompson,Cleveland Cavaliers,Basketball,"$2,019,706.00",Male
413,Trendon Watford,Brooklyn Nets,Basketball,"$2,019,706.00",Male
414,Caleb Houston Rocketsstan,Orlando Magicando Magic,Basketball,"$2,000,000.00",Male
415,Jaylin Williams,Oklahoma City Thunder,Basketball,"$2,000,000.00",Male
416,Garrison Mathews,Atlanta Hawks,Basketball,"$2,000,000.00",Male
417,Sam Merrill,Cleveland Cavaliers,Basketball,"$1,997,238.00",Male
418,Anthony Gill,Washington Wizardshington Wizards,Basketball,"$1,997,238.00",Male
419,Isaiah Joe,Oklahoma City Thunder,Basketball,"$1,997,238.00",Male
420,GG Jackson II,Memphis Grizzlies,Basketball,"$1,991,428.00",Male
421,Duop Reath,Portland Trail Blazers,Basketball,"$1,951,220.00",Male
422,KJ Martin,Philadelphia 76ers,Basketball,"$1,930,681.00",Male
423,Naji Marshall,New Orlando Magicando Magiceans Pelicans,Basketball,"$1,930,681.00",Male
424,Xavier Tillman Sr.,Boston Celtics,Basketball,"$1,930,681.00",Male
425,Jordan Goodwin,Brooklyn Nets,Basketball,"$1,927,896.00",Male
426,Kessler Edwards,Sacramento Kings,Basketball,"$1,927,896.00",Male
427,Ish Wainright,Portland Trail Blazers,Basketball,"$1,927,896.00",Male
428,JeriCharlotte Hornets Sims,New York Knicks,Basketball,"$1,927,896.00",Male
429,Sam Hauser,Boston Celtics,Basketball,"$1,927,896.00",Male
430,Haywood Highsmith,Miami Heat,Basketball,"$1,902,137.00",Male
431,A.J. Green,Milwaukee Bucks,Basketball,"$1,901,769.00",Male
432,JereMiami Heath Robinson-Earl,Houston Rockets,Basketball,"$684,843.00",Male
433,Kevin Knox,Utah Jazz,Basketball,"$1,845,593.00",Male
434,Milwaukee Buckses McBride,New York Knicks,Basketball,"$1,836,096.00",Male
435,Isaiah Livers,Washington Wizardshington Wizards,Basketball,"$1,836,096.00",Male
436,Isaiah Todd,Memphis Grizzlies,Basketball,"$1,836,096.00",Male
437,Brandon Boston Celticston Jr.,Los Angeles Clippers,Basketball,"$1,836,096.00",Male
438,JT Thor,Charlotte Hornets,Basketball,"$1,836,096.00",Male
439,Aaron Wiggins,Oklahoma City Thunder,Basketball,"$1,836,096.00",Male
440,Jose Alvarado,New Orlando Magicando Magiceans Pelicans,Basketball,"$1,836,096.00",Male
441,E.J. Liddell,New Orlando Magicando Magiceans Pelicans,Basketball,"$1,801,769.00",Male
442,Dru Smith,Miami Heat,Basketball,"$1,801,769.00",Male
443,Orlando Magicando Magicando Robinson,Miami Heat,Basketball,"$1,801,769.00",Male
444,Leonard Milwaukee Bucksler,Minnesota Timberwolves,Basketball,"$1,800,000.00",Male
445,Skylar Mays,Portland Trail Blazers,Basketball,"$1,799,163.00",Male
446,Joshua Primo,Los Angeles Clippers,Basketball,"$6,105,941.00",Male
447,Daniel Theis,Los Angeles Clippers,Basketball,"$8,670,002.00",Male
448,Kennedy Chandler,Memphis Grizzlies,Basketball,"$1,719,864.00",Male
449,Ryan Rollins,Washington Wizardshington Wizards,Basketball,"$1,719,864.00",Male
450,JaDenver Nuggets Hardy,Dallas Mavericks,Basketball,"$1,719,864.00",Male
451,Xavier Cooks,Washington Wizardshington Wizards,Basketball,"$1,719,864.00",Male
452,Christian Koloko,Toronto Raptors,Basketball,"$1,719,864.00",Male
453,Jabari Walker,Portland Trail Blazers,Basketball,"$1,719,864.00",Male
454,Josh Minnesota Timberwolvesott,Minnesota Timberwolves,Basketball,"$1,719,864.00",Male
455,Kenneth Lofton Jr.,Memphis Grizzlies,Basketball,"$500,000.00",Male
456,Max Christie,Los Angeles Lakers,Basketball,"$1,719,864.00",Male
457,Bryce McGowens,Charlotte Hornets,Basketball,"$1,719,864.00",Male
458,Jalen Pickett,Denver Nuggets,Basketball,"$1,708,143.00",Male
459,Julian Philadelphia 76ersllips,Chicago Bulls,Basketball,"$1,600,000.00",Male
460,Spencer Dinwiddie,Los Angeles Lakers,Basketball,"$21,911,797.00",Male
461,Matt Ryan,New Orlando Magicando Magiceans Pelicans,Basketball,"$1,500,000.00",Male
462,Craig Portland Trail Blazerster Jr.,Cleveland Cavaliers,Basketball,"$1,500,000.00",Male
463,Eric Bledsoe,Portland Trail Blazers,Basketball,"$1,300,000.00",Male
464,Jared Butler,Washington Wizardshington Wizards,Basketball,"$1,250,000.00",Male
465,Sidy Cissoko,San Antonio Spurs,Basketball,"$1,119,563.00",Male
466,Hunter Tyson,Denver Nuggets,Basketball,"$1,119,563.00",Male
467,Jordan Walsh,Boston Celtics,Basketball,"$1,119,563.00",Male
468,Rayan Rupert,Portland Trail Blazers,Basketball,"$1,119,563.00",Male
469,Chris Livingston,Milwaukee Bucks,Basketball,"$1,119,563.00",Male
470,Maxwell Lewis,Los Angeles Lakers,Basketball,"$1,119,563.00",Male
471,Trayce Jackson-Davis,Golden State Warriors,Basketball,"$1,119,563.00",Male
472,Mouhamed Gueye,Atlanta Hawks,Basketball,"$1,119,563.00",Male
473,Toumani Camara,Portland Trail Blazers,Basketball,"$1,119,563.00",Male
474,Andre Jackson Jr.,Milwaukee Bucks,Basketball,"$1,119,563.00",Male
475,KenDallas Mavericksl Brown,Indiana Pacers,Basketball,"$1,100,000.00",Male
476,Gui Santos,Golden State Warriors,Basketball,"$1,029,483.00",Male
477,A.J. Lawson,Dallas Mavericks,Basketball,"$1,000,000.00",Male
478,Eugene Omoruyi,Washington Wizardshington Wizards,Basketball,"$900,000.00",Male
479,Ricky Council IV,Philadelphia 76ers,Basketball,"$864,353.00",Male
480,Jalen Wilson,Brooklyn Nets,Basketball,"$850,000.00",Male
481,DaQuan Jeffries,New York Knicks,Basketball,"$1,324,828.00",Male
482,James Johnson,Indiana Pacers,Basketball,"$777,703.00",Male
483,LIndiana Pacersy Waters III,Oklahoma City Thunder,Basketball,"$766,095.00",Male
484,Bismack Biyombo,Oklahoma City Thunder,Basketball,"$5,754,488.00",Male
485,Nik Stauskas,Indiana Pacers,Basketball,"$702,311.00",Male
486,JereMiami Heath Robinson-Earl,New Orlando Magicando Magiceans Pelicans,Basketball,"$684,843.00",Male
487,Keon Ellis,Sacramento Kings,Basketball,"$683,430.00",Male
488,Danilo Gallinari,Milwaukee Bucks,Basketball,"$7,464,578.00",Male
489,Delon Wright,Miami Heat,Basketball,"$8,856,750.00",Male
490,Thaddeus Young,Phoenix Suns,Basketball,"$8,638,413.00",Male
491,Jack White,Oklahoma City Thunder,Basketball,"$600,000.00",Male
492,Juwan Morgan,Indiana Pacers,Basketball,"$576,230.00",Male
493,Aleksej Pokusevski,Charlotte Hornets,Basketball,"$5,574,809.00",Male
494,Filip Petrušev,Sacramento Kings,Basketball,"$559,782.00",Male
495,Malik Fitts,Indiana Pacers,Basketball,"$555,217.00",Male
496,Lester Quinones,Golden State Warriors,Basketball,"$548,815.00",Male
497,Stanley Umude,Detroit Pistons,Basketball,"$538,460.00",Male
498,Trent Forrest,Atlanta Hawks,Basketball,"$533,945.00",Male
499,Mike Muscala,Oklahoma City Thunder,Basketball,"$4,010,730.00",Male
500,Darius Bazley,Utah Jazz,Basketball,"$616,075.00",Male
501,Kenneth Lofton Jr.,Utah Jazz,Basketball,"$500,000.00",Male
502,Onuralp Bitim,Chicago Bulls,Basketball,"$500,000.00",Male
503,Taj Gibson,New York Knicks,Basketball,"$2,961,636.00",Male
504,Shake Milwaukee Buckston,New York Knicks,Basketball,"$5,475,908.00",Male
505,Patty Milwaukee Bucksls,Miami Heat,Basketball,"$7,267,250.00",Male
506,DoMinnesota Timberwolvesick Barlow,San Antonio Spurs,Basketball,"$455,620.00",Male
507,Lamar Stevens,San Antonio Spurs,Basketball,"$2,419,706.00",Male
508,Taj Gibson,Detroit Pistons,Basketball,"$2,961,636.00",Male
509,Juan Toscano-Anderson,Sacramento Kings,Basketball,"$439,581.00",Male
510,Nerlens Noel,Sacramento Kings,Basketball,"$300,000.00",Male
511,Javon Freeman-Liberty,Toronto Raptors,Basketball,"$289,542.00",Male
512,Didi Louzada,Portland Trail Blazers,Basketball,"$268,032.00",Male
513,DaQuan Jeffries,New York Knicks,Basketball,"$1,324,828.00",Male
514,Mamadi Diakite,New York Knicks,Basketball,"$368,600.00",Male
515,NeeMiami Heats Queta,Sacramento Kings,Basketball,"$331,253.00",Male
516,T.J. Warren,Minnesota Timberwolves,Basketball,"$452,693.00",Male
517,Chicago Bullsmezie Metu,Detroit Pistons,Basketball,"$2,351,562.00",Male
518,Danny Green,Philadelphia 76ers,Basketball,"$200,000.00",Male
519,Marcus Morris,Cleveland Cavaliers,Basketball,"$17,429,682.00",Male
520,James Johnson,Indiana Pacers,Basketball,"$777,703.00",Male
521,James Johnson,Indiana Pacers,Basketball,"$777,703.00",Male
522,Taj Gibson,New York Knicks,Basketball,"$2,961,636.00",Male
523,Taj Gibson,New York Knicks,Basketball,"$2,961,636.00",Male
524,Zhaire Smith,Cleveland Cavaliers,Basketball,"$139,290.00",Male
525,Javonte Green,Chicago Bulls,Basketball,"$243,758.00",Male
526,Jeff Dowtin,Philadelphia 76ers,Basketball,"$2,196,970.00",Male
527,Luka Garza,Minnesota Timberwolves,Basketball,"$127,683.00",Male
528,Mamadi Diakite,New York Knicks,Basketball,"$368,600.00",Male
529,DaQuan Jeffries,New York Knicks,Basketball,"$1,324,828.00",Male
530,DaQuan Jeffries,New York Knicks,Basketball,"$1,324,828.00",Male
531,Taj Gibson,Detroit Pistons,Basketball,"$2,961,636.00",Male
532,T.J. Warren,Minnesota Timberwolves,Basketball,"$452,693.00",Male
533,T.J. Warren,Minnesota Timberwolves,Basketball,"$452,693.00",Male
534,Juan Toscano-Anderson,Sacramento Kings,Basketball,"$439,581.00",Male
535,Chicago Bullsmezie Metu,Detroit Pistons,Basketball,"$2,351,562.00",Male
536,Marcus Morris,Cleveland Cavaliers,Basketball,"$17,429,682.00",Male
537,Isaiah Thomas,Phoenix Suns,Basketball,"$301,795.00",Male
538,Isaiah Thomas,Phoenix Suns,Basketball,"$301,795.00",Male
539,Javonte Green,Chicago Bulls,Basketball,"$243,758.00",Male
540,Jaylen Nowell,Memphis Grizzlies,Basketball,,Male
541,Jaylen Nowell,Memphis Grizzlies,Basketball,,Male
542,Hamidou Diallo,Washington Wizardshington Wizards,Basketball,"$116,075.00",Male
543,Kai Jones,Philadelphia 76ers,Basketball,"$3,175,563.00",Male
544,Darius Bazley,Philadelphia 76ers,Basketball,"$616,075.00",Male
545,Malcolm Hill,New Orlando Magicando Magiceans Pelicans,Basketball,,Male
546,Jordan Goodwin,Memphis Grizzlies,Basketball,"$1,927,896.00",Male
547,Ashton Hagans,Portland Trail Blazers,Basketball,"$103,550.00",Male
548,Demetrius Jackson,Boston Celtics,Basketball,"$92,857.00",Male
549,NeeMiami Heats Queta,Boston Celtics,Basketball,"$331,253.00",Male
550,Tosan Evbuomwan,Detroit Pistons,Basketball,"$135,120.00",Male
551,Isaiah Thomas,Phoenix Suns,Basketball,"$301,795.00",Male
552,Malik Williams,Toronto Raptors,Basketball,"$77,212.00",Male
553,Trey Jemison,Washington Wizardshington Wizards,Basketball,,Male
554,Mouhamadou Gueye,Toronto Raptors,Basketball,,Male
555,Taze Moore,Portland Trail Blazers,Basketball,"$64,343.00",Male
556,Tosan Evbuomwan,Memphis Grizzlies,Basketball,"$135,120.00",Male
557,Trey Jemison,Memphis Grizzlies,Basketball,,Male
558,Matthew Hurt,Memphis Grizzlies,Basketball,,Male
559,Pete Nance,Cleveland Cavaliers,Basketball,"$64,343.00",Male
560,Malik Williams,Toronto Raptors,Basketball,"$77,212.00",Male
561,Kai Jones,Los Angeles Clippers,Basketball,"$3,175,563.00",Male
562,Usman Garuba,Golden State Warriors,Basketball,"$2,600,008.00",Male
1,Nelly Korda,"$2,943,708",9,Female,Golf
2,Yuka Saso,"$2,608,316",10,Female,Golf
3,Hinako Shibuno,"$1,347,692",11,Female,Golf
4,Hannah Green,"$1,347,369",10,Female,Golf
5,Maja Stark,"$1,156,868",11,Female,Golf
6,Ayaka Furue,"$1,064,628",13,Female,Golf
7,Andrea Lee,"$1,009,288",12,Female,Golf
8,Ally Ewing,"$909,112",9,Female,Golf
9,Brooke M. Henderson,"$808,384",12,Female,Golf
10,Haeran Ryu,"$731,181",12,Female,Golf
11,Lydia Ko,"$655,188",10,Female,Golf
12,Lauren Coughlin,"$650,647",13,Female,Golf
13,Atthaya Thitikul,"$650,181",5,Female,Golf
14,Jin Hee Im,"$624,667",8,Female,Golf
15,Gabriela Ruffels,"$608,573",10,Female,Golf
16,Rose Zhang,"$608,097",8,Female,Golf
17,Ruoning Yin,"$548,802",12,Female,Golf
18,Carlota Ciganda,"$548,487",10,Female,Golf
19,Madelene Sagstrom,"$530,673",11,Female,Golf
20,Sei Young Kim,"$519,162",11,Female,Golf
21,Xiyu Lin,"$511,549",11,Female,Golf
22,Minjee Lee,"$509,614",9,Female,Golf
23,Mi Hyang Lee,"$498,248",12,Female,Golf
24,Wichanee Meechai,"$488,890",9,Female,Golf
25,Arpichaya Yubol,"$480,695",9,Female,Golf
26,Patty Tavatanakit,"$463,527",9,Female,Golf
27,Nasa Hataoka,"$451,088",12,Female,Golf
28,Megan Khang,"$426,163",11,Female,Golf
29,Jennifer Kupcho,"$392,062",12,Female,Golf
30,Jin Young Ko,"$382,323",8,Female,Golf
31,A Lim Kim,"$374,425",11,Female,Golf
32,Hyo Joo Kim,"$369,483",8,Female,Golf
33,Jenny Shin,"$366,165",11,Female,Golf
34,Celine Boutier,"$365,217",11,Female,Golf
35,Sarah Schmelzel,"$360,922",12,Female,Golf
36,Esther Henseleit,"$358,196",11,Female,Golf
37,Albane Valenzuela,"$356,738",11,Female,Golf
38,Narin An,"$356,641",12,Female,Golf
39,Charley Hull,"$354,716",8,Female,Golf
40,Bailey Tardy,"$348,703",9,Female,Golf
41,Leona Maguire,"$337,188",11,Female,Golf
42,Linnea Strom,"$322,499",12,Female,Golf
43,Linn Grant,"$304,992",11,Female,Golf
44,Hye-Jin Choi,"$301,102",13,Female,Golf
45,Yuna Nishimura,"$298,268",10,Female,Golf
46,Marina Alex,"$286,426",10,Female,Golf
47,Chanettee Wannasaen,"$274,344",13,Female,Golf
48,Anna Nordqvist,"$273,572",11,Female,Golf
49,Nanna Koerstz Madsen,"$264,797",12,Female,Golf
50,Alison Lee,"$261,870",9,Female,Golf
51,Emily Kristine Pedersen,"$258,450",12,Female,Golf
52,Yan Liu,"$250,717",10,Female,Golf
53,Alexa Pano,"$249,801",13,Female,Golf
54,Yealimi Noh,"$246,751",9,Female,Golf
55,Wei-Ling Hsu,"$241,532",10,Female,Golf
56,Ariya Jutanugarn,"$238,966",11,Female,Golf
57,Peiyun Chien,"$237,047",12,Female,Golf
58,Minami Katsu,"$236,212",8,Female,Golf
59,Gaby Lopez,"$229,169",11,Female,Golf
60,Mao Saigo,"$219,077",10,Female,Golf
61,Ryann O'Toole,"$216,856",9,Female,Golf
62,Hira Naveed,"$211,491",6,Female,Golf
63,Moriya Jutanugarn,"$187,440",11,Female,Golf
64,Jodi Ewart Shadoff,"$183,198",12,Female,Golf
65,Ashleigh Buhai,"$180,285",10,Female,Golf
66,Auston Kim,"$177,676",10,Female,Golf
67,Lucy Li,"$176,164",10,Female,Golf
68,Gemma Dryburgh,"$171,928",12,Female,Golf
69,Cheyenne Knight,"$171,615",11,Female,Golf
70,Aditi Ashok,"$171,410",11,Female,Golf
71,Allisen Corpuz,"$167,383",11,Female,Golf
72,Kristen Gillman,"$160,225",11,Female,Golf
73,Frida Kinhult,"$159,598",6,Female,Golf
74,Pajaree Anannarukarn,"$158,272",11,Female,Golf
75,Nataliya Guseva,"$155,737",5,Female,Golf
76,Sarah Kemp,"$147,173",12,Female,Golf
77,Stephanie Meadow,"$146,057",9,Female,Golf
78,Stephanie Kyriacou,"$144,839",11,Female,Golf
79,Mone Inami,"$143,480",12,Female,Golf
80,Jasmine Suwannapura,"$136,128",12,Female,Golf
81,Xiaowen Yin,"$132,781",8,Female,Golf
82,Weiwei Zhang,"$128,242",3,Female,Golf
83,Lexi Thompson,"$127,967",7,Female,Golf
84,Sophia Popov,"$126,686",8,Female,Golf
85,Jiwon Jeon,"$125,602",9,Female,Golf
86,Georgia Hall,"$124,947",9,Female,Golf
87,Paula Reto,"$117,686",11,Female,Golf
88,Isabella Fierro,"$115,054",11,Female,Golf
89,Amy Yang,"$112,443",10,Female,Golf
90,Lilia Vu,"$108,825",7,Female,Golf
91,Bianca Pagdanganan,"$105,192",10,Female,Golf
92,Olivia Cowan,"$101,280",8,Female,Golf
93,Grace Kim,"$101,214",11,Female,Golf
94,So Mi Lee,"$100,989",9,Female,Golf
95,Savannah Grewal,"$100,912",8,Female,Golf
96,Angel Yin,"$91,122",7,Female,Golf
97,Morgane Metraux,"$88,320",8,Female,Golf
98,Elizabeth Szokol,"$87,551",11,Female,Golf
99,Caroline Masson,"$86,453",7,Female,Golf
100,In Gee Chun,"$85,268",11,Female,Golf
101,Yu Jin Sung,"$75,065",8,Female,Golf
102,Alexandra Forsterling,"$74,250",5,Female,Golf
103,Perrine Delacour,"$73,810",11,Female,Golf
104,Isi Gabsa,"$73,500",9,Female,Golf
105,Yu Liu,"$72,092",12,Female,Golf
106,Danielle Kang,"$68,928",10,Female,Golf
107,Kaitlyn Papp Budde,"$65,715",4,Female,Golf
108,Hyo Joon Jang,"$65,435",7,Female,Golf
109,Ruixin Liu,"$64,381",4,Female,Golf
110,Lindy Duncan,"$62,191",9,Female,Golf
111,Azahara Munoz,"$61,338",11,Female,Golf
112,Aline Krauter,"$59,346",5,Female,Golf
113,Karis Davidson,"$58,412",8,Female,Golf
114,Brittany Lincicome,"$56,445",8,Female,Golf
115,Robyn Choi,"$55,560",9,Female,Golf
115,Jeongeun Lee6,"$54,566",8,Female,Golf
117,Roberta Liti,"$53,780",9,Female,Golf
118,Lindsey Weaver-Wright,"$53,643",6,Female,Golf
119,Caroline Inglis,"$52,799",7,Female,Golf
120,Lauren Hartlage,"$47,168",7,Female,Golf
121,Pernilla Lindberg,"$46,516",10,Female,Golf
122,Hee Young Park,"$45,717",9,Female,Golf
123,Stacy Lewis,"$45,716",9,Female,Golf
124,Maude-Aimee Leblanc,"$45,189",10,Female,Golf
125,Lizette Salas,"$44,362",6,Female,Golf
126,Eun-Hee Ji,"$43,792",11,Female,Golf
127,Yuri Yoshida,"$40,761",6,Female,Golf
128,Sofia Garcia,"$38,107",7,Female,Golf
129,Mary Liu,"$37,636",7,Female,Golf
130,Maria Fassi,"$37,599",10,Female,Golf
131,Celine Borge,"$34,410",13,Female,Golf
132,Polly Mack,"$30,801",8,Female,Golf
133,Minji Kang,"$30,391",8,Female,Golf
134,Angela Stanford,"$28,162",9,Female,Golf
135,Yue Ren,"$25,365",2,Female,Golf
136,Malia Nam,"$25,037",6,Female,Golf
137,Cydney Clanton,"$24,648",2,Female,Golf
138,Mina Harigae,"$24,529",5,Female,Golf
139,Kim Kaufman,"$23,741",1,Female,Golf
140,Alana Uriell,"$23,741",1,Female,Golf
141,Jeongeun Lee5,"$23,573",5,Female,Golf
142,Jennifer Song,"$22,558",8,Female,Golf
143,Marissa Steen,"$22,095",2,Female,Golf
144,Haeji Kang,"$21,474",7,Female,Golf
145,Jaravee Boonchant,"$20,270",7,Female,Golf
146,Jing Yan,"$18,806",5,Female,Golf
147,Mel Reid,"$18,439",5,Female,Golf
148,Alena Sharp,"$17,807",3,Female,Golf
149,Muni He,"$17,320",5,Female,Golf
150,Pavarisa Yoktuan,"$15,326",8,Female,Golf
151,Liqi Zeng,"$14,976",7,Female,Golf
152,Jenny Coleman,"$14,495",8,Female,Golf
153,Dani Holmqvist,"$13,868",8,Female,Golf
154,Pornanong Phatlum,"$12,687",2,Female,Golf
155,Ssu-Chia Cheng,"$12,687",3,Female,Golf
156,Dottie Ardina,"$12,687",1,Female,Golf
157,Ana Pelaez Trivino,"$12,640",3,Female,Golf
158,Jennifer Chang,"$12,638",2,Female,Golf
159,Matilda Castren,"$11,325",10,Female,Golf
160,Daniela Darquea,"$9,515",6,Female,Golf
161,Gurleen Kaur,"$7,656",7,Female,Golf
162,In Kyung Kim,"$7,133",3,Female,Golf
163,Sandra Gal,"$6,837",2,Female,Golf
164,Agathe Laisne,"$6,837",10,Female,Golf
165,Dewi Weber,"$5,693",1,Female,Golf
166,Sophia Schubert,"$5,005",3,Female,Golf
167,Gina Kim,"$4,387",9,Female,Golf
1,Scottie Scheffler,"$24,024,553",13,Male,Golf
2,Xander Schauffele,"$11,597,071",14,Male,Golf
3,Wyndham Clark,"$9,164,429",13,Male,Golf
4,Rory McIlroy,"$7,712,665",13,Male,Golf
5,Sahith Theegala,"$7,402,505",16,Male,Golf
6,Ludvig Aberg,"$7,277,719",12,Male,Golf
7,Collin Morikawa,"$6,757,882",14,Male,Golf
8,Hideki Matsuyama,"$6,665,677",12,Male,Golf
9,Byeong Hun An,"$5,175,436",15,Male,Golf
10,Chris Kirk,"$5,082,371",14,Male,Golf
11,Christiaan Bezuidenhout,"$4,357,144",15,Male,Golf
12,Shane Lowry,"$4,317,761",13,Male,Golf
13,Brian Harman,"$4,007,766",15,Male,Golf
14,Matthieu Pavon,"$3,879,043",12,Male,Golf
15,Sepp Straka,"$3,817,655",15,Male,Golf
16,Will Zalatoris,"$3,715,799",13,Male,Golf
17,Adam Hadwin,"$3,635,658",16,Male,Golf
18,Max Homa,"$3,507,916",14,Male,Golf
19,Patrick Cantlay,"$3,474,686",13,Male,Golf
20,Justin Thomas,"$3,428,161",12,Male,Golf
21,Jason Day,"$3,427,085",14,Male,Golf
22,Sungjae Im,"$3,412,372",16,Male,Golf
23,Stephan Jaeger,"$3,347,827",15,Male,Golf
24,Russell Henley,"$3,328,394",13,Male,Golf
25,J.T. Poston,"$3,257,026",15,Male,Golf
26,Akshay Bhatia,"$3,224,372",17,Male,Golf
27,Sam Burns,"$3,133,839",14,Male,Golf
28,Si Woo Kim,"$3,125,639",16,Male,Golf
29,Taylor Pendrith,"$3,071,407",16,Male,Golf
30,Matt Fitzpatrick,"$3,045,286",15,Male,Golf
31,Tom Hoge,"$3,028,593",18,Male,Golf
32,Nick Taylor,"$2,992,935",16,Male,Golf
33,Tommy Fleetwood,"$2,988,900",12,Male,Golf
34,Tony Finau,"$2,949,509",15,Male,Golf
35,Thomas Detry,"$2,945,999",15,Male,Golf
36,Keegan Bradley,"$2,937,636",14,Male,Golf
37,Cameron Young,"$2,897,127",14,Male,Golf
38,Jake Knapp,"$2,895,420",15,Male,Golf
39,Robert MacIntyre,"$2,825,146",16,Male,Golf
40,Austin Eckroat,"$2,742,485",16,Male,Golf
41,Denny McCarthy,"$2,675,230",15,Male,Golf
42,Corey Conners,"$2,654,851",16,Male,Golf
43,Harris English,"$2,566,355",15,Male,Golf
44,Alex Noren,"$2,507,213",14,Male,Golf
45,Billy Horschel,"$2,478,478",15,Male,Golf
46,Grayson Murray,"$2,471,532",13,Male,Golf
47,Mackenzie Hughes,"$2,428,672",15,Male,Golf
48,Luke List,"$2,424,893",16,Male,Golf
49,Peter Malnati,"$2,410,376",16,Male,Golf
50,Viktor Hovland,"$2,406,525",9,Male,Golf
51,Jordan Spieth,"$2,389,369",15,Male,Golf
52,Taylor Moore,"$2,070,568",16,Male,Golf
53,Erik van Rooyen,"$2,060,349",15,Male,Golf
54,Ben Griffin,"$2,000,749",20,Male,Golf
55,Davis Riley,"$1,990,863",16,Male,Golf
56,Maverick McNealy,"$1,986,857",15,Male,Golf
57,Patrick Rodgers,"$1,980,699",16,Male,Golf
58,Mark Hubbard,"$1,908,115",14,Male,Golf
59,Eric Cole,"$1,892,628",20,Male,Golf
60,Emiliano Grillo,"$1,835,414",15,Male,Golf
61,Adam Schenk,"$1,744,497",18,Male,Golf
62,Andrew Putnam,"$1,666,344",16,Male,Golf
63,Brendon Todd,"$1,659,229",15,Male,Golf
64,Victor Perez,"$1,655,802",15,Male,Golf
65,Lee Hodges,"$1,635,498",18,Male,Golf
66,Tom Kim,"$1,633,637",17,Male,Golf
67,Lucas Glover,"$1,619,231",15,Male,Golf
68,Nicolai Hojgaard,"$1,585,237",13,Male,Golf
69,Min Woo Lee,"$1,505,679",11,Male,Golf
70,Seamus Power,"$1,497,346",15,Male,Golf
71,Adam Scott,"$1,480,912",12,Male,Golf
72,Keith Mitchell,"$1,460,067",16,Male,Golf
73,Kevin Yu,"$1,441,628",16,Male,Golf
74,Ben Kohles,"$1,409,477",16,Male,Golf
75,Justin Rose,"$1,400,433",13,Male,Golf
76,Kurt Kitayama,"$1,386,933",14,Male,Golf
77,Cam Davis,"$1,356,598",14,Male,Golf
78,Charley Hoffman,"$1,347,616",14,Male,Golf
79,Aaron Rai,"$1,293,906",16,Male,Golf
80,Beau Hossler,"$1,264,066",16,Male,Golf
81,Doug Ghim,"$1,258,381",16,Male,Golf
82,Brice Garnett,"$1,207,638",8,Male,Golf
83,Chandler Phillips,"$1,185,085",15,Male,Golf
84,Davis Thompson,"$1,172,082",17,Male,Golf
85,Nate Lashley,"$1,139,375",15,Male,Golf
86,Adam Svensson,"$1,127,229",18,Male,Golf
87,Sami Valimaki,"$1,069,889",14,Male,Golf
88,Taylor Montgomery,"$1,064,266",13,Male,Golf
89,Andrew Novak,"$1,063,772",15,Male,Golf
90,Tyrrell Hatton,"$1,038,587",4,Male,Golf
91,Justin Lower,"$1,026,133",15,Male,Golf
92,Nick Dunlap,"$1,009,092",13,Male,Golf
93,Joel Dahmen,"$990,963",16,Male,Golf
94,Chris Gotterup,"$971,399",16,Male,Golf
95,Ryan Fox,"$928,105",15,Male,Golf
96,Sam Stevens,"$919,887",17,Male,Golf
97,Kyoung-Hoon Lee,"$903,704",16,Male,Golf
98,David Skinns,"$889,626",15,Male,Golf
99,Ryo Hisatsune,"$883,681",16,Male,Golf
100,S.H Kim,"$875,877",19,Male,Golf
101,Alejandro Tosti,"$873,731",15,Male,Golf
102,Chad Ramey,"$857,303",16,Male,Golf
103,Rickie Fowler,"$856,759",15,Male,Golf
104,Chan Kim,"$845,386",16,Male,Golf
105,Matt Wallace,"$830,567",15,Male,Golf
106,Nico Echavarria,"$811,375",17,Male,Golf
107,Michael Kim,"$806,597",17,Male,Golf
108,Mac Meissner,"$786,213",14,Male,Golf
109,Kevin Tway,"$774,937",8,Male,Golf
110,C.T. Pan,"$757,714",13,Male,Golf
111,Sam Ryder,"$720,462",16,Male,Golf
112,Carl Yuan,"$720,280",16,Male,Golf
113,Erik Barnes,"$702,661",13,Male,Golf
114,Max Greyserman,"$699,088",15,Male,Golf
115,Bryson DeChambeau,"$695,000",2,Male,Golf
115,Cameron Smith,"$695,000",2,Male,Golf
117,Carson Young,"$673,366",16,Male,Golf
118,Greyson Sigg,"$661,594",16,Male,Golf
119,Martin Trainer,"$649,628",10,Male,Golf
120,Ben Silverman,"$639,301",16,Male,Golf
121,Dylan Wu,"$626,786",15,Male,Golf
122,Ben Martin,"$605,828",15,Male,Golf
123,Jimmy Stanger,"$604,066",14,Male,Golf
124,Matti Schmid,"$587,855",17,Male,Golf
125,Garrick Higgo,"$546,350",16,Male,Golf
126,Rafael Campos,"$529,331",12,Male,Golf
127,Martin Laird,"$525,631",14,Male,Golf
128,Webb Simpson,"$522,465",9,Male,Golf
129,Zac Blair,"$510,989",14,Male,Golf
130,Ryan Moore,"$507,934",14,Male,Golf
131,Ryan Brehm,"$493,730",15,Male,Golf
132,Pierceson Coody,"$490,965",15,Male,Golf
133,Robby Shelton,"$488,617",15,Male,Golf
134,Alex Smalley,"$476,402",17,Male,Golf
135,Jacob Bridgeman,"$468,422",14,Male,Golf
136,Chesson Hadley,"$463,903",14,Male,Golf
137,Hayden Buckley,"$459,459",16,Male,Golf
138,Jorge Campillo,"$456,566",12,Male,Golf
139,Troy Merritt,"$445,612",16,Male,Golf
140,Wesley Bryan,"$436,000",6,Male,Golf
141,Gary Woodland,"$428,783",15,Male,Golf
142,Matt Kuchar,"$424,611",15,Male,Golf
143,David Lipsky,"$418,486",16,Male,Golf
144,Patrick Reed,"$405,000",2,Male,Golf
145,Alexander Bjork,"$398,984",12,Male,Golf
146,Joseph Bramlett,"$386,410",15,Male,Golf
147,Patton Kizzire,"$382,295",12,Male,Golf
148,Thorbjørn Olesen,"$381,037",11,Male,Golf
149,Parker Coody,"$380,854",15,Male,Golf
150,Aaron Baddeley,"$380,643",13,Male,Golf
151,Brandon Wu,"$362,965",16,Male,Golf
152,Tyson Alexander,"$360,790",16,Male,Golf
153,Nick Hardy,"$351,835",16,Male,Golf
154,Zach Harris Johnson,"$347,758",11,Male,Golf
155,Joe Highsmith,"$341,668",12,Male,Golf
156,Henrik Norlander,"$339,370",8,Male,Golf
157,Daniel Berger,"$335,053",13,Male,Golf
158,Hayden Springer,"$331,844",13,Male,Golf
159,Matthew NeSmith,"$331,664",16,Male,Golf
160,Patrick Fishburn,"$323,781",13,Male,Golf
161,Chez Reavie,"$319,642",15,Male,Golf
162,Adrien Dumont De Chassart,"$311,336",15,Male,Golf
163,Tyler Duncan,"$298,093",13,Male,Golf
164,Harry Hall,"$278,637",16,Male,Golf
165,Paul Barjon,"$277,617",14,Male,Golf
166,Trace Crowe,"$267,576",12,Male,Golf
167,Kelly Kraft,"$264,288",5,Male,Golf
168,Vince Whaley,"$261,124",13,Male,Golf
169,Scott Stallings,"$258,915",9,Male,Golf
170,Tom Whitney,"$251,647",14,Male,Golf
171,Ryan McCormick,"$239,342",12,Male,Golf
172,Jhonattan Vegas,"$237,232",12,Male,Golf
173,Austin Cook,"$230,622",8,Male,Golf
174,Peter Kuest,"$223,100",3,Male,Golf
175,Bronson Burgoon,"$222,850",8,Male,Golf
176,Rico Hoey,"$215,986",12,Male,Golf
177,Stewart Cink,"$210,115",8,Male,Golf
178,Camilo Villegas,"$197,964",14,Male,Golf
179,Vincent Norrman,"$192,332",14,Male,Golf
180,J.J. Spaun,"$187,424",15,Male,Golf
181,Lanto Griffin,"$184,958",11,Male,Golf
182,Joaquin Niemann,"$175,500",2,Male,Golf
183,Kevin Streelman,"$172,422",13,Male,Golf
184,Bud Cauley,"$169,433",8,Male,Golf
185,Kevin Roy,"$166,740",1,Male,Golf
186,Kevin Dougherty,"$158,295",13,Male,Golf
187,Kevin Chappell,"$158,178",10,Male,Golf
188,Callum Tarren,"$154,605",16,Male,Golf
189,Sean O'Hair,"$153,737",5,Male,Golf
190,Norman Xiong,"$151,925",11,Male,Golf
191,Justin Suh,"$148,913",16,Male,Golf
192,Ryan Palmer,"$148,036",12,Male,Golf
193,Cameron Champ,"$147,258",13,Male,Golf
194,Alvaro Ortiz,"$145,125",1,Male,Golf
195,Harrison Endycott,"$112,809",12,Male,Golf
196,Evan Harmeling,"$97,000",3,Male,Golf
197,Scott Piercy,"$94,501",6,Male,Golf
198,Austin Smotherman,"$89,010",7,Male,Golf
199,Wilson Furr,"$81,721",12,Male,Golf
200,Fred Biondi,"$81,540",4,Male,Golf
200,Fred Biondi,"$81,540",4,Male,Golf
1,Iga Swiatek,"$9,875,525",$0,"$9,875,525",F
2,Ons Jabeur,"$4,976,594","$20,475","$4,997,069",F
3,Caroline Garcia,"$3,353,354","$375,963","$3,729,317",F
4,Elena Rybakina,"$3,570,968","$42,472","$3,613,440",F
5,Jessica Pegula,"$3,165,252","$446,464","$3,611,716",F
6,Coco Gauff,"$2,541,338","$510,615","$3,051,953",F
7,Maria Sakkari,"$2,464,204","$17,215","$2,481,419",F
8,Aryna Sabalenka,"$2,431,495","$29,825","$2,461,320",F
9,Ashleigh Barty,"$2,271,220","$18,100","$2,289,320",F
10,Simona Halep,"$2,240,117","$13,080","$2,253,197",F
11,Barbora Krejcikova,"$1,050,699","$1,086,243","$2,136,942",F
12,Danielle Collins,"$1,962,776","$131,774","$2,094,550",F
13,Veronika Kudermetova,"$1,501,768","$568,912","$2,070,680",F
14,Daria Kasatkina,"$1,767,080","$12,455","$1,779,535",F
15,Elise Mertens,"$1,079,812","$683,495","$1,763,307",F
16,Madison Keys,"$1,611,269","$129,245","$1,740,514",F
17,Katerina Siniakova,"$608,340","$1,130,925","$1,739,265",F
18,Paula Badosa,"$1,661,921","$33,775","$1,695,696",F
19,Jelena Ostapenko,"$1,141,379","$468,636","$1,610,015",F
20,Shuai Zhang,"$1,039,047","$446,611","$1,485,658",F
21,Amanda Anisimova,"$1,434,778",$0,"$1,434,778",F
22,Alizé Cornet,"$1,201,312","$189,082","$1,390,394",F
23,Beatriz Haddad Maia,"$1,007,028","$368,950","$1,375,978",F
24,Ajla Tomljanovic,"$1,282,711","$89,854","$1,372,565",F
25,Petra Kvitova,"$1,343,059",$0,"$1,343,059",F
26,Belinda Bencic,"$1,241,122","$79,236","$1,320,358",F
27,Marie Bouzkova,"$1,153,628","$109,054","$1,262,682",F
28,Jil Teichmann,"$1,121,330","$93,011","$1,214,341",F
29,Victoria Azarenka,"$1,103,072","$23,335","$1,126,407",F
30,Naomi Osaka,"$1,100,796",$0,"$1,100,796",F
31,Ekaterina Alexandrova,"$990,530","$104,387","$1,094,917",F
32,Martina Trevisan,"$1,053,619","$35,810","$1,089,429",F
33,Tatjana Maria,"$1,042,600","$29,841","$1,072,441",F
34,Leylah Fernandez,"$895,525","$151,204","$1,046,729",F
35,Karolina Pliskova,"$998,950","$25,347","$1,024,297",F
36,Alison Riske-Amritraj,"$972,924","$48,907","$1,021,831",F
37,Anett Kontaveit,"$991,579","$27,726","$1,019,305",F
38,Petra Martic,"$946,856","$63,057","$1,009,913",F
39,Kaia Kanepi,"$992,759","$13,373","$1,006,132",F
40,Qinwen Zheng,"$976,185","$8,688","$984,873",F
41,Liudmila Samsonova,"$914,249","$56,697","$970,946",F
42,Irina-Camelia Begu,"$860,628","$89,787","$950,415",F
43,Sloane Stephens,"$901,742","$8,535","$910,277",F
44,Anhelina Kalinina,"$854,154","$44,613","$898,767",F
45,Jule Niemeier,"$869,879","$16,269","$886,148",F
46,Sara Sorribes Tormo,"$683,155","$183,090","$866,245",F
47,Shelby Rogers,"$776,725","$85,627","$862,352",F
48,Sorana Cirstea,"$817,344","$3,250","$820,594",F
49,Marta Kostyuk,"$668,637","$129,346","$797,983",F
50,Aliaksandra Sasnovich,"$727,814","$65,760","$793,574",F
51,Kristina Mladenovic,"$302,800","$460,564","$763,364",F
52,Camila Giorgi,"$755,167",$0,"$755,167",F
53,Daria Saville,"$709,043","$36,365","$745,408",F
54,Magda Linette,"$596,253","$141,232","$737,485",F
55,Tamara Zidansek,"$638,247","$97,860","$736,107",F
56,Yulia Putintseva,"$668,788","$65,675","$734,463",F
57T,Garbiñe Muguruza,"$713,785","$1,684","$715,469",F
57T,Emma Raducanu,"$695,377",$900,"$696,277",F
59,Bianca Andreescu,"$667,299","$5,432","$672,731",F
60,Storm Hunter,"$205,863","$463,230","$669,093",F
61,Heather Watson,"$605,705","$61,896","$667,601",F
62,Viktorija Golubic,"$572,098","$87,828","$659,926",F
63,Nuria Parrizas Diaz,"$581,771","$54,195","$635,966",F
64,Tereza Martincova,"$563,402","$69,213","$632,615",F
65,Harmony Tan,"$613,408","$10,839","$624,247",F
66,Madison Brengle,"$560,458","$48,072","$608,530",F
67,Gabriela Dabrowski,"$5,020","$583,555","$588,575",F
68,Harriet Dart,"$543,375","$44,242","$587,617",F
69,Anna Bondar,"$473,933","$109,543","$583,476",F
70,Kaja Juvan,"$540,031","$41,824","$581,855",F
71,Giuliana Olmos,"$11,645","$565,125","$576,770",F
72,Alison Van Uytvanck,"$522,062","$51,849","$573,911",F
73,Desirae Krawczyk,"$4,015","$567,440","$571,455",F
74,Elena-Gabriela Ruse,"$485,201","$83,161","$568,362",F
75,Diane Parry,"$530,110","$37,401","$567,511",F
76,Magdalena Frech,"$538,510","$27,906","$566,416",F
77,Jasmine Paolini,"$508,743","$55,655","$564,398",F
78,Bernarda Pera,"$470,787","$89,296","$560,083",F
79,Lucia Bronzetti,"$530,046","$29,230","$559,276",F
80,Angelique Kerber,"$558,544",$0,"$558,544",F
81T,Maryna Zanevska,"$481,987","$75,340","$557,327",F
81T,Caty Mcnally,"$187,005","$366,133","$553,138",F
83,Dalma Galfi,"$496,785","$52,454","$549,239",F
84,Danka Kovinic,"$532,329","$14,730","$547,059",F
85,Lauren Davis,"$527,041","$19,428","$546,469",F
86,Aleksandra Krunic,"$427,956","$111,317","$539,273",F
87,Clara Burel,"$498,810","$35,501","$534,311",F
88,Camila Osorio,"$473,974","$59,587","$533,561",F
89,Zhaoxuan Yang,"$2,585","$526,549","$529,134",F
90,Rebecca Marino,"$509,565","$12,147","$521,712",F
91,Greet Minnen,"$415,706","$105,005","$520,711",F
92,Anastasia Potapova,"$417,421","$103,238","$520,659",F
93,Ann Li,"$481,183","$30,018","$511,201",F
94,Anna Karolina Schmiedlova,"$497,748","$12,705","$510,453",F
95,Kirsten Flipkens,"$231,936","$271,523","$503,459",F
96,Claire Liu,"$488,633","$13,150","$501,783",F
97,Clara Tauson,"$462,401","$36,705","$499,106",F
98,Xiyu Wang,"$483,208","$12,963","$496,171",F
99,Anna Kalinskaya,"$441,891","$54,163","$496,054",F
100,Dayana Yastremska,"$445,569","$42,901","$488,470",F
1,Carlos Alcaraz,"$10,074,813","$27,517","$10,102,330",M
2,Novak Djokovic,"$9,934,582",$0,"$9,934,582",M
3,Rafael Nadal,"$9,367,056","$1,270","$9,368,326",M
4,Casper Ruud,"$8,114,542","$12,274","$8,126,816",M
5,Stefanos Tsitsipas,"$6,445,442","$168,974","$6,614,416",M
6,Felix Auger-Aliassime,"$4,722,592","$78,700","$4,801,292",M
7,Andrey Rublev,"$4,543,247","$123,707","$4,666,954",M
8,Taylor Fritz,"$4,489,807","$80,674","$4,570,481",M
9,Daniil Medvedev,"$4,146,312","$32,212","$4,178,524",M
10,Hubert Hurkacz,"$3,356,575","$407,589","$3,764,164",M
11,Nick Kyrgios,"$2,916,349","$574,115","$3,490,464",M
12,Cameron Norrie,"$2,846,575","$81,781","$2,928,356",M
13,Pablo Carreno Busta,"$2,842,960","$42,905","$2,885,865",M
14,Jannik Sinner,"$2,818,491","$36,975","$2,855,466",M
15,Alexander Zverev,"$2,585,002","$93,176","$2,678,178",M
16,Holger Rune,"$2,574,415","$48,874","$2,623,289",M
17,Denis Shapovalov,"$2,409,460","$186,091","$2,595,551",M
18,Matteo Berrettini,"$2,183,648","$10,126","$2,193,774",M
19,Frances Tiafoe,"$2,032,406","$73,698","$2,106,104",M
20,Alex de Minaur,"$1,990,039","$67,277","$2,057,316",M
21,Diego Schwartzman,"$1,863,280","$140,951","$2,004,231",M
22,Karen Khachanov,"$1,889,330","$96,063","$1,985,393",M
23,Marin Cilic,"$1,955,408","$15,680","$1,971,088",M
24,Roberto Bautista Agut,"$1,787,924","$16,140","$1,804,064",M
25,Daniel Evans,"$1,612,801","$177,386","$1,790,187",M
26,John Isner,"$1,076,536","$591,642","$1,668,178",M
27,Brandon Nakashima,"$1,646,923","$15,766","$1,662,689",M
28,Alejandro Davidovich Fokina,"$1,531,719","$130,836","$1,662,555",M
29,Lorenzo Musetti,"$1,620,201","$40,980","$1,661,181",M
30,Borna Coric,"$1,603,586",$0,"$1,603,586",M
31,Miomir Kecmanovic,"$1,492,670","$68,166","$1,560,836",M
32,Grigor Dimitrov,"$1,488,481","$52,088","$1,540,569",M
33,Tommy Paul,"$1,408,362","$131,246","$1,539,608",M
34,Rajeev Ram,"$30,000","$1,480,408","$1,510,408",M
35,Joe Salisbury,$0,"$1,510,348","$1,510,348",M
36,Botic van de Zandschulp,"$1,378,752","$95,522","$1,474,274",M
37,Cristian Garin,"$1,408,343","$4,941","$1,413,284",M
38,David Goffin,"$1,268,574","$1,270","$1,269,844",M
39,Alexander Bublik,"$1,134,816","$117,390","$1,252,206",M
40T,Wesley Koolhof,$0,"$1,219,027","$1,219,027",M
40T,Neal Skupski,$0,"$1,219,027","$1,219,027",M
42,Lorenzo Sonego,"$1,087,388","$123,003","$1,210,391",M
43,Fabio Fognini,"$875,606","$324,161","$1,199,767",M
44,Francisco Cerundolo,"$1,113,269","$65,897","$1,179,166",M
45,Nikoloz Basilashvili,"$1,061,681","$94,149","$1,155,830",M
46,Maxime Cressy,"$1,080,806","$65,506","$1,146,312",M
47,Thanasi Kokkinakis,"$590,958","$543,945","$1,134,903",M
48,Mackenzie McDonald,"$991,866","$139,866","$1,131,732",M
49,Albert Ramos-Vinolas,"$957,144","$161,308","$1,118,452",M
50,Sebastian Korda,"$1,070,744","$32,411","$1,103,155",M
51,Filip Krajinovic,"$1,069,728","$27,580","$1,097,308",M
52,Adrian Mannarino,"$980,387","$104,062","$1,084,449",M
53,Jenson Brooksby,"$1,062,932",$0,"$1,062,932",M
54,Pedro Martinez,"$815,619","$245,011","$1,060,630",M
55,Aslan Karatsev,"$938,837","$106,640","$1,045,477",M
56,Emil Ruusuvuori,"$995,458","$34,453","$1,029,911",M
57,Mate Pavic,$0,"$1,026,041","$1,026,041",M
58,Nikola Mektic,$0,"$1,006,438","$1,006,438",M
59,Yoshihito Nishioka,"$946,014","$35,359","$981,373",M
60,Andy Murray,"$933,978",$0,"$933,978",M
61,Alex Molcan,"$908,924","$19,343","$928,267",M
62,Sebastian Baez,"$888,761","$37,922","$926,683",M
63,Marcos Giron,"$861,391","$62,847","$924,238",M
64,Dusan Lajovic,"$854,402","$41,145","$895,547",M
65,Jack Draper,"$882,161",$844,"$883,005",M
66,Reilly Opelka,"$874,633","$6,863","$881,496",M
67,Arthur Rinderknech,"$827,542","$41,749","$869,291",M
68,Oscar Otte,"$816,158","$43,829","$859,987",M
69,Ugo Humbert,"$826,460","$27,009","$853,469",M
70,Max Purcell,"$243,157","$599,922","$843,079",M
71,Soonwoo Kwon,"$781,001","$60,991","$841,992",M
72,Benjamin Bonzi,"$768,834","$58,455","$827,289",M
73T,Marcelo Arevalo,$0,"$815,215","$815,215",M
73T,Jean-Julien Rojer,$0,"$815,215","$815,215",M
75,Richard Gasquet,"$807,643","$6,575","$814,218",M
76,Federico Delbonis,"$730,622","$82,251","$812,873",M
77,Jaume Munar,"$755,098","$57,000","$812,098",M
78,Jiri Lehecka,"$793,848","$11,819","$805,667",M
79,Laslo Djere,"$764,798","$31,375","$796,173",M
80,Tallon Griekspoor,"$719,705","$58,200","$777,905",M
81,Ilya Ivashka,"$751,088","$23,096","$774,184",M
82,Jiri Vesely,"$734,492","$38,108","$772,600",M
83,Steve Johnson,"$683,610","$58,996","$742,606",M
84,Gael Monfils,"$729,145","$12,710","$741,855",M
85,Marton Fucsovics,"$702,250","$31,957","$734,207",M
86,Jack Sock,"$396,917","$329,280","$726,197",M
87,Joao Sousa,"$636,911","$89,077","$725,988",M
88,Matthew Ebden,"$58,827","$655,962","$714,789",M
89,Kamil Majchrzak,"$690,601","$23,321","$713,922",M
90,Mikael Ymer,"$689,504","$2,496","$692,000",M
91,Hugo Gaston,"$631,992","$49,651","$681,643",M
92,Corentin Moutet,"$680,435",$0,"$680,435",M
93,Federico Coria,"$641,108","$35,256","$676,364",M
94,Benoit Paire,"$612,067","$45,627","$657,694",M
95,Taro Daniel,"$646,181",$0,"$646,181",M
96,Bernabe Zapata Miralles,"$605,262","$26,334","$631,596",M
97,Jason Kubler,"$586,151","$39,286","$625,437",M
98,Jordan Thompson,"$581,069","$40,450","$621,519",M
99,Ivan Dodig,$0,"$619,783","$619,783",M
100,Alexei Popyrin,"$575,195","$34,892","$610,087",M